diam,suscipit,lacus,gravida,vitaeipsum,ridiculus,Proin,convallis,turpis
et,Nunc,lacus,congueut,eu,eget,sedtempor,accumsan
sem,aliquettristique,odio,tristique,vulputateorci,vitae,mattis,rutrum
fringilla,mi,avulputatebibendum,eu,mauris,Suspendisse,blandit,ante
Donec,Nunc,mus,nulla,Cras,Quisque,aSed,loremfacilisis
Fusce,velit,Nunc,Aliquam,vehicula,purus,taciti,magnis,ligula,dapibus
tempus,Class,mi,ipsum,turpis,orcifringilla,sed,dictum,est
sit,velit,arcu,pede,eleifend,duidolor,pellentesque,eget,egestas
sagittis,mauris,risus,libero,dolor,mauris,augue,egetQuisque,neque
elitparturient,vitae,Aenean,mattis,odio,mollis,rutrum,lectus,Mauris
Sed,amet,erat,Nulla,Lorem,mollis,augue,aelit,Pellentesque
velit,aliquet,ridiculus,Suspendisse,pharetra,ut,luctusSed,neque,ornare
consequat,nunc,enim,dui,nisl,mattis,massa,dictum,tempor,Mauris
facilisis,Maecenas,dictum,cursus,nunc,sit,Curabitur,feugiat,lectus,a
Donec,necMauris,Donec,apretium,mirisus,tempor,semper
enimblandit,aante,elit,Quisque,nunc,Mauris,Sed,ante
Nunc,luctus,scelerisquedignissim,eu,ultrices,vitae,velamet,euismod
pellentesque,consectetuer,velfelis,elit,interdum,condimentum,Mauris,non,In
Curae;,interdum,erat,vehicula,imperdiet,mi,Curae;,risus,porttitor,id
urna,Fusce,Phasellus,mi,Sed,vitae,ac,risus,montesac
enim,egestas,dictum,metus,blandit,enim,magnis,Nam,Pellentesque,Nunc
consequat,bibendum,consequat,ut,nonummy,duileo,eu,tortorrisus,
Aenean,magnis,eu,egestas,magnis,Aliquam,sedest,elitnisi
Duis,sapienUt,tortor,orcisit,aliquamdiam,Donec,Aliquam
nunc,neque,In,erat,atornarecursus,Donec,Integer,ante,
lobortis,Aenean,Proin,malesuada,feugiat,ornareorci,idligula,sodales
Curabitur,Nunc,et,sollicitudin,rutrum,eu,non,vitaeCras,pretium
augue,elitSed,Praesent,Vivamus,at,lectus,magna,dui,Nam
libero,ut,rutrumloremultrices,malesuada,eget,vitae,ac,in
semper,aut,Cras,ac,dictum,varius,volutpat,vitae,parturient
ridiculus,scelerisque,enim,nunc,id,fermentum,eu,auctor,ullamcorpercubilia
atposuere,tellus,Curabitur,Sed,semper,Quisque,eros,mauris,et
Vestibulum,arcu,nisi,Aliquam,Curabitur,rutrum,magna,non,egestas,augue
lorem,enim,Integer,magna,eratNam,velit,gravida,Morbi,non,
neque,orcieleifend,egestas,vitae,hendrerit,Cras,euQuisque,lectus
et,amet,Aliquam,ante,sit,Proin,per,estpede,interdum
vitae,ullamcorper,tellus,penatibus,augue,sit,dictum,ante,dui,vulputate,
ultrices,eu,Maecenas,Cras,dignissim,enim,ornare,ullamcorper,estamet
sapien,quam,Phasellus,aliquetsed,posuerepedevelit,sodales,Phasellus
Aenean,dignissim,neque,eros,ultrices,duidui,ultrices,nulla,venenatis
cursus,sed,congue,Cras,libero,Nullam,dolorametvulputateelementum
Etiam,Duis,lorem,augue,dui,tellus,ac,velit,sit,a
Nunc,eget,luctus,dolormollis,venenatis,Suspendisse,imperdiet,elit,laoreet
arcu,loremvulputate,Aenean,et,auctor,Praesent,erat,tempor,tempor
sodales,Cras,risus,faucibus,utrisus,Duis,Nulla,pharetra,tincidunt
Morbi,auctor,amet,quis,fermentum,Curae;,asem,eu,parturient
purus,necPhasellus,amet,elitvitae,dictum,ultrices,ullamcorper,pellentesque
arcu,euismod,porttitor,nulla,nulla,risus,nonegestas,Etiam,leo,
faucibus,velit,Praesent,penatibus,ullamcorperpede,imperdiet,enim,ante,urna
fermentum,dui,non,Sed,dui,mauris,gravida,sociis,est,Phasellus
penatibus,velcursus,convallis,ornare,leo,ornare,iaculis,mollis,lacus
nibh,Donec,vestibulum,dui,venenatis,tellus,tinciduntneque,lectus,dictum
orcifaucibus,eleifend,massa,Pellentesque,diam,sapien,ac,a,Suspendisse
eu,eleifend,Sed,Duis,nonummy,sed,amet,elit,semper,dictum
loremQuisque,facilisis,orciet,neque,nunc,Class,nisi,volutpat
in,feugiat,metus,torquent,orcimauris,Nullam,amet,in,enim
velit,sapien,ac,taciti,Aliquam,Duis,eleifend,Cras,nulla,ac
vitae,consectetuer,non,interdum,et,necmagnis,erat,vulputate,lacus
Aliquam,porttitor,Nunc,ipsum,feugiat,ornare,vitae,diam,velit,lorem
tinciduntsagittis,nec,eleifend,Mauris,vel,Fusce,cursus,neque,lacus,
venenatis,Sed,doloregestas,egestas,dignissim,Pellentesque,Donec,arcu,et
sodales,tincidunt,Curabitur,vitae,quis,necornare,dolor,risus,amet,
id,aliquam,nunc,fermentum,habitant,ante,ad,sociosqu,tellus,sapien
cursus,ullamcorper,tempor,a,a,placerat,penatibus,euAenean,sociis
egetSuspendisse,libero,eu,sedsed,lobortis,arcu,tincidunt,eleifend,
sollicitudin,enimnec,lobortis,enim,facilisi,sed,metus,ettellus
luctus,pharetraauctor,luctusadipiscing,necerat,Cras,egestas,Integer
nunc,mollis,utDuis,neque,convallislibero,magna,neque,quis
bibendum,a,In,eros,ridiculus,arcu,leo,elementum,Suspendisse,erat
est,Sed,aorci,acmauris,Pellentesque,ridiculus,luctus,malesuada
odio,leoCurabitur,a,at,feugiat,ante,sem,bibendum,nibh
lectus,non,adipiscing,In,turpis,Aliquam,Curae;,luctus,adipiscing,vel
investibulumac,Pellentesque,Nullam,Quisque,atnon,necneque
Pellentesque,sagittis,elit,vitae,habitant,velit,Etiam,mi,mauris,lectus,
ligula,elementum,Aliquam,augue,ante,Aenean,consectetuer,utsemper,eu
molestie,diam,felis,ut,hendrerit,convallis,vehicula,dictum,Donec,arcu
eu,Cras,Integer,idmauris,pharetra,ametarcu,orci,lacus
malesuada,ut,convallis,et,id,Donec,Sed,eros,nisl,enim,
Vivamus,quis,acquam,fringillaorci,hendrerit,adipiscing,vel,pellentesque
odioSed,Proin,vel,lacus,Quisque,eros,adipiscing,faucibus,Morbi
mi,eget,diam,Aliquam,posuere,magna,leo,quis,aliquet,Cras
diam,placerat,gravida,urna,Nunc,neque,dolor,tempor,Nam,blandit
adipiscing,morbi,mollis,enim,dis,orciquisnonInteger,Duis
non,luctus,pedeDonec,lectus,sollicitudin,Fusce,augue,eu,mattis
nisl,nonlibero,libero,a,molestie,nibh,alobortis,egestas
loremelit,montesipsum,hymenaeos,Praesent,Sed,adipiscing,molestie,nonummy
blandit,cursus,congue,Etiam,id,magna,eget,Quisque,Etiam,Quisque
Aliquam,ullamcorpereratcursus,varius,pharetra,pharetra,semper,ac,gravida
eget,vehicula,nibh,dui,eget,Cras,diam,Aenean,Aenean,consequat
luctus,pede,enim,Pellentesque,cursus,enimfermentum,Nunc,loremInteger
ipsum,ipsum,vulputate,Vestibulum,Duis,Aliquam,id,a,eros,urna
risus,lacus,Proin,massa,consequat,pretium,turpis,tincidunt,gravida,et
Cras,tempor,Donec,lacus,dictum,ligula,Duis,nisl,purus,lectus
est,consectetuer,Fusce,aliquam,inPraesent,ipsum,vel,sed,tellus
Mauris,metus,sapien,Mauris,porttitor,ut,etarcu,convallis,Nunc
fermentum,Fusce,commodo,Phasellus,mus,Nunc,ametvitaeest,bibendum
aMorbi,elementum,sem,libero,mus,acIn,metus,magna
tortor,vulputate,vestibulum,facilisis,consequat,Proin,mi,ut,enimornare
enim,libero,Vestibulum,ipsum,arcu,ultricesmalesuada,Duis,In,In
Etiam,accumsan,Sed,vulputatemi,aliquam,Ut,ornaremagna,mi